name,kategori,harga,toko,alamat,kontak,gambar,path-gambar
Full Face Mask AmScuD Adult Reef Vision,Mask,997500,Ocean King Dive Shop,"Jl. Bypass Ngurah Rai No.19, Sidakarya, Denpasar Selatan, Kota Denpasar, Bali 80224",0878-6105-0111,okdive-mask-reefvision.jpg,static/image/okdive-mask-reefvision.jpg
Mask Cressi Focus,Mask,799000,Ocean King Dive Shop,"Jl. Bypass Ngurah Rai No.19, Sidakarya, Denpasar Selatan, Kota Denpasar, Bali 80225",0878-6105-0111,okdive-mask-cressifocusblack.jpg,static/image/okdive-mask-cressifocusblack.jpg
Mask Cressi F-Dual,Mask,1099000,Ocean King Dive Shop,"Jl. Bypass Ngurah Rai No.19, Sidakarya, Denpasar Selatan, Kota Denpasar, Bali 80226",0878-6105-0111,okdive-mask-cressidualblackred.jpg,static/image/okdive-mask-cressidualblackred.jpg
Mask Gull Mantis 5,Mask,2650000,Ocean King Dive Shop,"Jl. Bypass Ngurah Rai No.19, Sidakarya, Denpasar Selatan, Kota Denpasar, Bali 80227",0878-6105-0111,okdive-mask-mantis5orange.png,static/image/okdive-mask-mantis5orange.png
Mask Gull Vader,Mask,2750000,Ocean King Dive Shop,"Jl. Bypass Ngurah Rai No.19, Sidakarya, Denpasar Selatan, Kota Denpasar, Bali 80228",0878-6105-0111,okdive-mask-vaderglasswhite.png,static/image/okdive-mask-vaderglasswhite.png
Fin Cressi Pro Start - Black,Fin,1200000,Ocean King Dive Shop,"Jl. Bypass Ngurah Rai No.19, Sidakarya, Denpasar Selatan, Kota Denpasar, Bali 80229",0878-6105-0111,okdive-fin-cressiprostarblack.jpg,static/image/okdive-fin-cressiprostarblack.jpg
Fin Cressi Gara Modular Sprint,Fin,2099000,Ocean King Dive Shop,"Jl. Bypass Ngurah Rai No.19, Sidakarya, Denpasar Selatan, Kota Denpasar, Bali 80230",0878-6105-0111,okdive-fin-cressimodularsprint.jpg,static/image/okdive-fin-cressimodularsprint.jpg
Regulator Cressi MC9 XS Compact Pro,Regulator,5999000,Ocean King Dive Shop,"Jl. Bypass Ngurah Rai No.19, Sidakarya, Denpasar Selatan, Kota Denpasar, Bali 80231",0878-6105-0111,okdive-regulator-cressimc9pro.jpg,static/image/okdive-regulator-cressimc9pro.jpg
Regulator AmScuD ZX10 Lite,Regulator,5596000,Ocean King Dive Shop,"Jl. Bypass Ngurah Rai No.19, Sidakarya, Denpasar Selatan, Kota Denpasar, Bali 80232",0878-6105-0111,okdive-regulator-amscud.jpg,static/image/okdive-regulator-amscud.jpg
Regulator Mares Prestige 15X,Regulator,5160000,Ocean King Dive Shop,"Jl. Bypass Ngurah Rai No.19, Sidakarya, Denpasar Selatan, Kota Denpasar, Bali 80233",0878-6105-0111,416234 PRESTIGE-550x550.jpg,static/image/416234 PRESTIGE-550x550.jpg
Wetsuit AmScuD Active 3mm,Wetsuit,1237500,Ocean King Dive Shop,"Jl. Bypass Ngurah Rai No.19, Sidakarya, Denpasar Selatan, Kota Denpasar, Bali 80234",0878-6105-0111,WETSUIT_AMSCUD_ACTIVE_01-550x550.jpg,static/image/WETSUIT_AMSCUD_ACTIVE_01-550x550.jpg
Wetsuit AmScuD Passion 2mm,Wetsuit,2025000,Ocean King Dive Shop,"Jl. Bypass Ngurah Rai No.19, Sidakarya, Denpasar Selatan, Kota Denpasar, Bali 80235",0878-6105-0111,AMSCUD PASSION REVERSIBLE NEW-550x550.jpg,static/image/AMSCUD PASSION REVERSIBLE NEW-550x550.jpg
Wetsuit AmScuD Marlin Reversible 3mm,Wetsuit,2362500,Ocean King Dive Shop,"Jl. Bypass Ngurah Rai No.19, Sidakarya, Denpasar Selatan, Kota Denpasar, Bali 80236",0878-6105-0111,AMSCUD MARLIN REVERSIBLE BL NEW3-550x550.jpg,static/image/AMSCUD MARLIN REVERSIBLE BL NEW3-550x550.jpg
Wetsuit Cressi Maya 2.5mm,Wetsuit,2285000,Ocean King Dive Shop,"Jl. Bypass Ngurah Rai No.19, Sidakarya, Denpasar Selatan, Kota Denpasar, Bali 80237",0878-6105-0111,WETSUIT_MAYA_V2_SERONG_KANAN_02-550x550.jpg,static/image/WETSUIT_MAYA_V2_SERONG_KANAN_02-550x550.jpg
Wetsuit Cressi Fast V3.0,Wetsuit,2428000,Ocean King Dive Shop,"Jl. Bypass Ngurah Rai No.19, Sidakarya, Denpasar Selatan, Kota Denpasar, Bali 80238",0878-6105-0111,WETSUIT_FAST_TERBARU_001-550x550.jpg,static/image/WETSUIT_FAST_TERBARU_001-550x550.jpg
Glove AmScuD X-Stretch 3.5mm,Glove,374625,Ocean King Dive Shop,"Jl. Bypass Ngurah Rai No.19, Sidakarya, Denpasar Selatan, Kota Denpasar, Bali 80239",0878-6105-0111,AMSCUD GLOVE X-STRETCH 1-550x550.jpg,static/image/AMSCUD GLOVE X-STRETCH 1-550x550.jpg
Glove Mares Flexa Touch,Glove,640000,Ocean King Dive Shop,"Jl. Bypass Ngurah Rai No.19, Sidakarya, Denpasar Selatan, Kota Denpasar, Bali 80240",0878-6105-0111,76734520_978e01e2-f7f0-415c-9c3d-fde50991e575_500_500-550x550.jpg,static/image/76734520_978e01e2-f7f0-415c-9c3d-fde50991e575_500_500-550x550.jpg
Glove Mares Amara 2mm,Glove,640000,Ocean King Dive Shop,"Jl. Bypass Ngurah Rai No.19, Sidakarya, Denpasar Selatan, Kota Denpasar, Bali 80241",0878-6105-0111,amara1-550x550.jpg,static/image/amara1-550x550.jpg
Hood AmScuD X-Stretch,Wetsuit,363750,Ocean King Dive Shop,"Jl. Bypass Ngurah Rai No.19, Sidakarya, Denpasar Selatan, Kota Denpasar, Bali 80242",0878-6105-0111,AMSCUD HOOD X-STRETCH 1-550x550.jpg,static/image/AMSCUD HOOD X-STRETCH 1-550x550.jpg
Hood AmScuD X-Ghixel 3mm,Wetsuit,390000,Ocean King Dive Shop,"Jl. Bypass Ngurah Rai No.19, Sidakarya, Denpasar Selatan, Kota Denpasar, Bali 80243",0878-6105-0111,HOOD_AMSCUD_X-GHIXEL_02-550x550.jpg,static/image/HOOD_AMSCUD_X-GHIXEL_02-550x550.jpg
Hood Mares Comfort 5.3mm,Wetsuit,399600,Ocean King Dive Shop,"Jl. Bypass Ngurah Rai No.19, Sidakarya, Denpasar Selatan, Kota Denpasar, Bali 80244",0878-6105-0111,76734520_9ccc194d-dae4-4d0e-8ee0-6c2506ca792e_451_451-550x550.jpg,static/image/76734520_9ccc194d-dae4-4d0e-8ee0-6c2506ca792e_451_451-550x550.png
Camera Go Pro Hero 13 Black,Others,7500000,Ocean King Dive Shop,"Jl. Bypass Ngurah Rai No.19, Sidakarya, Denpasar Selatan, Kota Denpasar, Bali 80245",0878-6105-0111,gopro-hero13-black-01-550x550h.jpg,static/image/gopro-hero13-black-01-550x550h.jpg
Camera Akaso V50X - Action Camera,Others,1524000,Ocean King Dive Shop,"Jl. Bypass Ngurah Rai No.19, Sidakarya, Denpasar Selatan, Kota Denpasar, Bali 80246",0878-6105-0111,86a6be95-eaa0-458c-98f0-785d5abd3772-550x550.jpg,static/image/86a6be95-eaa0-458c-98f0-785d5abd3772-550x550.jpg
Camera Insta 360 X4 - Action Camera,Others,9250000,Ocean King Dive Shop,"Jl. Bypass Ngurah Rai No.19, Sidakarya, Denpasar Selatan, Kota Denpasar, Bali 80247",0878-6105-0111,X4-550x550w.jpg,static/image/X4-550x550w.png
AmScuD Tactical Neoprene Attachment,Others,449625,Ocean King Dive Shop,"Jl. Bypass Ngurah Rai No.19, Sidakarya, Denpasar Selatan, Kota Denpasar, Bali 80248",0878-6105-0111,KOBOI-POCKET-550x550.jpg,static/image/KOBOI-POCKET-550x550.jpg
Glove Beuchat Elaskin Nylon 2mm 212202 – 212204,Glove,629606,Bali Dive Shop,"Jl. Bypass Ngurah Rai No.17A, Sidakarya, Denpasar Selatan, Kota Denpasar, Bali 80224",0878-5225-2294,GLOVE-BEUCHAT-ELASKIN-BALIDIVESHOP.jpg,static/image/GLOVE-BEUCHAT-ELASKIN-BALIDIVESHOP.jpg
Glove Fourth Element Stretch CR Neoprene 3mm GL023,Glove,1250000,Bali Dive Shop,"Jl. Bypass Ngurah Rai No.17A, Sidakarya, Denpasar Selatan, Kota Denpasar, Bali 80224",0878-5225-2294,GLOVE-FOURTH-ELEMENT.jpg,static/image/GLOVE-FOURTH-ELEMENT.jpg
Hood IST Pro Ear 5mm HD6,Wetsuit,535000,Bali Dive Shop,"Jl. Bypass Ngurah Rai No.17A, Sidakarya, Denpasar Selatan, Kota Denpasar, Bali 80224",0878-5225-2294,ear-Pro-Hood-2.jpg,static/image/ear-Pro-Hood-2.jpg
Hood Vest Zeepro Stretch CR Neoprene 2mm,Wetsuit,999000,Bali Dive Shop,"Jl. Bypass Ngurah Rai No.17A, Sidakarya, Denpasar Selatan, Kota Denpasar, Bali 80224",0878-5225-2294,VEST-HOOD-ZEEPRO.jpg,static/image/VEST-HOOD-ZEEPRO.jpg
Jacket Wetsuit Beuchat Atoll Seaweed Men 2mm 79415,Wetsuit,2600000,Bali Dive Shop,"Jl. Bypass Ngurah Rai No.17A, Sidakarya, Denpasar Selatan, Kota Denpasar, Bali 80224",0878-5225-2294,atoll-zipped-jacket-2mm-seaweedman-balidiveshop-1-956x838.jpg,static/image/atoll-zipped-jacket-2mm-seaweedman-balidiveshop-1-956x838.jpg
Jacket Wetsuit Beuchat Atoll Seaweed Women 2mm 79515,Wetsuit,2600000,Bali Dive Shop,"Jl. Bypass Ngurah Rai No.17A, Sidakarya, Denpasar Selatan, Kota Denpasar, Bali 80224",0878-5225-2294,JACKET-BEUCHAT-ATOLL-2MM-SEAWEED-WOMEN-balidiveshop-1.jpg,static/image/JACKET-BEUCHAT-ATOLL-2MM-SEAWEED-WOMEN-balidiveshop-1.jpg
Jacket Wetsuit Fourth Element Sipadan V2.0 Women 3mm SIPWJ02,Wetsuit,4250000,Bali Dive Shop,"Jl. Bypass Ngurah Rai No.17A, Sidakarya, Denpasar Selatan, Kota Denpasar, Bali 80224",0878-5225-2294,jaket-sipadan-women-2-956x838.jpg,static/image/jaket-sipadan-women-2-956x838.jpg
Long Pants Fourth Element Sipadan V2.0 Men 3mm SIPML02,Pants,3600000,Bali Dive Shop,"Jl. Bypass Ngurah Rai No.17A, Sidakarya, Denpasar Selatan, Kota Denpasar, Bali 80224",0878-5225-2294,LONG-PANTS-MEN-1-956x838.jpg,static/image/LONG-PANTS-MEN-1-956x838.jpg
Long Pants Fourth Element Sipadan V2.0 Women 3mm SIPWL02,Pants,3600000,Bali Dive Shop,"Jl. Bypass Ngurah Rai No.17A, Sidakarya, Denpasar Selatan, Kota Denpasar, Bali 80224",0878-5225-2294,pants-sipadan-women-2-956x838,static/image/pants-sipadan-women-2-956x838.jpg
Long Pants Fourth Element Thermocline Men 2mm TL2MLG,Pants,3499000,Bali Dive Shop,"Jl. Bypass Ngurah Rai No.17A, Sidakarya, Denpasar Selatan, Kota Denpasar, Bali 80224",0878-5225-2294,LONG-PANTS-MEN-3-956x838,static/image/LONG-PANTS-MEN-3-956x838.jpg
Long Pants Fourth Element Thermocline Women 2mm TL2WLG,Pants,3499000,Bali Dive Shop,"Jl. Bypass Ngurah Rai No.17A, Sidakarya, Denpasar Selatan, Kota Denpasar, Bali 80224",0878-5225-2294,leggings-women-956x838.jpg,static/image/leggings-women-956x838.jpg
Long Boot Mares Classic NG 5mm 412634,Boots,750000,Bali Dive Shop,"Jl. Bypass Ngurah Rai No.17A, Sidakarya, Denpasar Selatan, Kota Denpasar, Bali 80224",0878-5225-2294,LONG-BOOT-MARES-CLASSIC-BALIDIVEHSOP-956x838.jpg,static/image/LONG-BOOT-MARES-CLASSIC-BALIDIVEHSOP-956x838.jpg
Long Boot Tusa Sport UA0105,Boots,660000,Bali Dive Shop,"Jl. Bypass Ngurah Rai No.17A, Sidakarya, Denpasar Selatan, Kota Denpasar, Bali 80224",0878-5225-2294,LONG-BOOT-TUSA-SPORT-BALIDIVESHOP.jpg,static/image/LONG-BOOT-TUSA-SPORT-BALIDIVESHOP.jpg
Long Sock Repreve Spandex Recycle UPF50 Whale Shark Skin,Others,315000,Bali Dive Shop,"Jl. Bypass Ngurah Rai No.17A, Sidakarya, Denpasar Selatan, Kota Denpasar, Bali 80224",0878-5225-2294,LONG-SOCK-REPREVE.jpg,static/image/LONG-SOCK-REPREVE.jpg
Short Boot Mares Equator 2mm 482263,Boots,450000,Bali Dive Shop,"Jl. Bypass Ngurah Rai No.17A, Sidakarya, Denpasar Selatan, Kota Denpasar, Bali 80224",0878-5225-2294,LONG-SOCK-REPREVE-956x838.jpg,static/image/LONG-SOCK-REPREVE-956x838.jpg
BEUCHAT Mask Lynx,Mask,651500,Scuba Gear Indonesia,"Jl.Bypass Ngurah Rai No.664, Pedungan, South Denpasar, Bali (2nd Floor).",0813-5333-3387,WhatsApp-Image-2024-06-19-at-17.46.58_4f068cfb-1300x1300.jpg,static/image/WhatsApp-Image-2024-06-19-at-17.46.58_4f068cfb-1300x1300.jpg
BEUCHAT Mask Maxlux S,Mask,1989000,Scuba Gear Indonesia,"Jl.Bypass Ngurah Rai No.664, Pedungan, South Denpasar, Bali (2nd Floor).",0813-5333-3387,WhatsApp-Image-2024-06-20-at-13.49.03_85820b07.jpg,static/image/WhatsApp-Image-2024-06-20-at-13.49.03_85820b07.jpg
IST Long Fin Blitz,Fin,1275000,Scuba Gear Indonesia,"Jl.Bypass Ngurah Rai No.664, Pedungan, South Denpasar, Bali (2nd Floor).",0813-5333-3387,WhatsApp-Image-2024-06-21-at-13.44.49_11671754-scaled.jpg,static/image/WhatsApp-Image-2024-06-21-at-13.44.49_11671754-scaled.jpg
BEUCHAT Fin Open Heel Aquabionic,Fin,1779500,Scuba Gear Indonesia,"Jl.Bypass Ngurah Rai No.664, Pedungan, South Denpasar, Bali (2nd Floor).",0813-5333-3387,WhatsApp-Image-2024-07-15-at-12.48.16_6cd60291-600x600.jpg,static/image/WhatsApp-Image-2024-07-15-at-12.48.16_6cd60291-600x600.jpg
CRESSI Fin Pro Star,Fin,1195000,Scuba Gear Indonesia,"Jl.Bypass Ngurah Rai No.664, Pedungan, South Denpasar, Bali (2nd Floor).",0813-5333-3387,WhatsApp-Image-2024-06-21-at-11.50.29_286cf9ca-600x600.jpg,static/image/WhatsApp-Image-2024-06-21-at-11.50.29_286cf9ca-600x600.jpg
LEADERFINS Long Fins Forza Epoxy Ice Fiber Glass,Fin,3270000,Scuba Gear Indonesia,"Jl.Bypass Ngurah Rai No.664, Pedungan, South Denpasar, Bali (2nd Floor).",0813-5333-3387,WhatsApp-Image-2024-09-22-at-15.45.30_77b05837-600x600.jpg,static/image/WhatsApp-Image-2024-09-22-at-15.45.30_77b05837-600x600.jpg
PROBLUE Fin Full Foot Tiara 2,Fin,668000,Scuba Gear Indonesia,"Jl.Bypass Ngurah Rai No.664, Pedungan, South Denpasar, Bali (2nd Floor).",0813-5333-3387,F-760-BK-R_problue_diving.jpg,static/image/F-760-BK-R_problue_diving.jpg
BEUCHAT Dots Neoprene Gloves,Glove,253000,Scuba Gear Indonesia,"Jl.Bypass Ngurah Rai No.664, Pedungan, South Denpasar, Bali (2nd Floor).",0813-5333-3387,WhatsApp-Image-2024-07-02-at-15.40.12_375faf15-600x600.jpg,static/image/WhatsApp-Image-2024-07-02-at-15.40.12_375faf15-600x600.jpg
SCUBAPRO Tropic Dive Glove 1.5 mm,Glove,900850,Scuba Gear Indonesia,"Jl.Bypass Ngurah Rai No.664, Pedungan, South Denpasar, Bali (2nd Floor).",0813-5333-3387,1098162_primary-600x600 (1).jpg,static/image/1098162_primary-600x600 (1).jpg
IST Amara Leather Glove 2 mm,Glove,150000,Scuba Gear Indonesia,"Jl.Bypass Ngurah Rai No.664, Pedungan, South Denpasar, Bali (2nd Floor).",0813-5333-3387,S900-08-600x600.jpg,static/image/S900-08-600x600.jpg
BEUCHAT Rocksea Pasific Jacket + Long John,Wetsuit,6636000,Scuba Gear Indonesia,"Jl.Bypass Ngurah Rai No.664, Pedungan, South Denpasar, Bali (2nd Floor).",0813-5333-3387,rocksea-pacific-1-1-600x600.jpg,static/image/rocksea-pacific-1-1-600x600.jpg
"CRESSI Wetsuit Endurance 5mm, Man",Wetsuit,2410000,Scuba Gear Indonesia,"Jl.Bypass Ngurah Rai No.664, Pedungan, South Denpasar, Bali (2nd Floor).",0813-5333-3387,ur7s4sjxxzpkxjnfhhlv-600x600 (1).jpg,static/image/ur7s4sjxxzpkxjnfhhlv-600x600 (1).jpg
IST Long Rash Guard Dive Skin,Wetsuit,338000,Scuba Gear Indonesia,"Jl.Bypass Ngurah Rai No.664, Pedungan, South Denpasar, Bali (2nd Floor).",0813-5333-3387,ds20b_2_ai6chy.jpg,static/image/ds20b_2_ai6chy.jpg
BEUCHAT Marlin Sock 2 mm,Others,566000,Scuba Gear Indonesia,"Jl.Bypass Ngurah Rai No.664, Pedungan, South Denpasar, Bali (2nd Floor).",0813-5333-3387,fc5f78ad-453f-4ee4-957f-22e6ae2f8b13.jpg,static/image/fc5f78ad-453f-4ee4-957f-22e6ae2f8b13.jpg
BRICA B-Pro 5 Alpha Edition 4K Mark III S (AE3S) – Black,Others,1399000,Scuba Gear Indonesia,"Jl.Bypass Ngurah Rai No.664, Pedungan, South Denpasar, Bali (2nd Floor).",0813-5333-3387,a30efa4c-99da-4723-ae10-725909d4f602-1.jpg,static/image/a30efa4c-99da-4723-ae10-725909d4f602-1.jpg
Aquatec vortex fin,Fin,1188000,Dive Hub,"Jl. Bypass Ngurah Rai No.376, Sanur, Denpasar Selatan, Kota Denpasar, Bali 80228",0877-8899-0006,scubafinfn-6003-1487465995-thumbnail.resized (1).jpg,static/image/scubafinfn-6003-1487465995-thumbnail.resized (1).jpg
Aropec Open Pocket Plastic Fin,Fin,1485000,Dive Hub,"Jl. Bypass Ngurah Rai No.376, Sanur, Denpasar Selatan, Kota Denpasar, Bali 80228",0877-8899-0006,F-L168B-BU.jpg,static/image/F-L168B-BU.jpg
Warwolf Jet Fin White,Fin,2475000,Dive Hub,"Jl. Bypass Ngurah Rai No.376, Sanur, Denpasar Selatan, Kota Denpasar, Bali 80228",0877-8899-0006,scuba_aquatec_-gosportfin_fn-580_4 (1).jpg,static/image/scuba_aquatec_-gosportfin_fn-580_4 (1).jpg
Aquatec mask 355N,Mask,475200,Dive Hub,"Jl. Bypass Ngurah Rai No.376, Sanur, Denpasar Selatan, Kota Denpasar, Bali 80228",0877-8899-0006,scubamaskmk-3551-1487468462-thumbnail.jpg,static/image/scubamaskmk-3551-1487468462-thumbnail.jpg
Aropec mask M2CD04,Mask,376200,Dive Hub,"Jl. Bypass Ngurah Rai No.376, Sanur, Denpasar Selatan, Kota Denpasar, Bali 80228",0877-8899-0006,329995264_dbfde50f-d764-4898-9f77-c3b120e48dd1_1728_1728.jpg,static/image/329995264_dbfde50f-d764-4898-9f77-c3b120e48dd1_1728_1728.jpg
Aquatec Mask 500,Mask,425700,Dive Hub,"Jl. Bypass Ngurah Rai No.376, Sanur, Denpasar Selatan, Kota Denpasar, Bali 80228",0877-8899-0006,34020198_f23e3e80-93d6-4bee-ada5-165312124f35_800_800.jpg,static/image/34020198_f23e3e80-93d6-4bee-ada5-165312124f35_800_800.jpg
Rubber Snorkeling Fin Green,Fin,643500,Dive Hub,"Jl. Bypass Ngurah Rai No.376, Sanur, Denpasar Selatan, Kota Denpasar, Bali 80228",0877-8899-0006,F-JS802-GN.jpg,static/image/F-JS802-GN.jpg
Aqua-Lumen 3860,Others,1782000,Dive Hub,"Jl. Bypass Ngurah Rai No.376, Sanur, Denpasar Selatan, Kota Denpasar, Bali 80228",0877-8899-0006,divelightled-38601-1487154870-thumbnail (1).jpg,static/image/divelightled-38601-1487154870-thumbnail (1).jpg
Aquatec 5mm hard sole boot,Boots,782100,Dive Hub,"Jl. Bypass Ngurah Rai No.376, Sanur, Denpasar Selatan, Kota Denpasar, Bali 80228",0877-8899-0006,img1966-1550292452-thumbnail.jpg,static/image/img1966-1550292452-thumbnail.jpg
Aropec 5mm boot,Boots,683100,Dive Hub,"Jl. Bypass Ngurah Rai No.376, Sanur, Denpasar Selatan, Kota Denpasar, Bali 80228",0877-8899-0006,bt-50u3l-1497324341-thumbnail.jpg.jpg,static/image/bt-50u3l-1497324341-thumbnail.jpg.jpg
Speeds Snorkeling Set,Snorkel,287100,Dive Hub,"Jl. Bypass Ngurah Rai No.376, Sanur, Denpasar Selatan, Kota Denpasar, Bali 80228",0877-8899-0006,speeds_speeds_alat_selam_snorkling_p0610_full03_cutnkqtr (1).jpg,static/image/speeds_speeds_alat_selam_snorkling_p0610_full03_cutnkqtr (1).jpg
Aropec Black Snorkel,Snorkel,198000,Dive Hub,"Jl. Bypass Ngurah Rai No.376, Sanur, Denpasar Selatan, Kota Denpasar, Bali 80228",0877-8899-0006,sc-1v-u137-tpr1-1497332764-thumbnail.jpg,static/image/sc-1v-u137-tpr1-1497332764-thumbnail.jpg
Aquatec Snorkel 400,Snorkel,257400,Dive Hub,"Jl. Bypass Ngurah Rai No.376, Sanur, Denpasar Selatan, Kota Denpasar, Bali 80228",0877-8899-0006,scubasnorklesn-4001-1487595359-thumbnail.jpg,static/image/scubasnorklesn-4001-1487595359-thumbnail.jpg
Weight belt w/ SS buckle,Others,198000,Dive Hub,"Jl. Bypass Ngurah Rai No.376, Sanur, Denpasar Selatan, Kota Denpasar, Bali 80228",0877-8899-0006,scubaweightbeltwb-2005-1497083276-thumbnail.jpg,static/image/scubaweightbeltwb-2005-1497083276-thumbnail.jpg
Aropec mask M2HF08,Mask,455400,Dive Hub,"Jl. Bypass Ngurah Rai No.376, Sanur, Denpasar Selatan, Kota Denpasar, Bali 80228",0877-8899-0006,M2-HF08-BK-BU.jpg,static/image/M2-HF08-BK-BU.jpg
UP1521QB Serene Adult Travel Set,Snorkel,1470000,Saranabahari,"Jalan Sekar Waru No.1, Sanur",0813-3795-0505,UP1521QB-MAIN.jpg,static/image/UP1521QB-MAIN.jpg
UP3521QB Visio Tri Ex Adult Travel Set,Snorkel,1640000,Saranabahari,"Jalan Sekar Waru No.1, Sanur",0813-3795-0505,UP3521QB-MB.jpg,static/image/UP3521QB-MB.jpg
UP0201 Mini Kleio Hyperdry Youth Travel Set,Snorkel,1160000,Saranabahari,"Jalan Sekar Waru No.1, Sanur",0813-3795-0505,UP0201-BL.jpg,static/image/UP0201-BL.jpg
UP0101 Platina Hyperdry Adult Travel Set,Snorkel,1310000,Saranabahari,"Jalan Sekar Waru No.1, Sanur",0813-3795-0505,UP0101-BK.jpg,static/image/UP0101-BK.jpg
UP2521B Powerview Dry Set,Snorkel,1640000,Saranabahari,"Jalan Sekar Waru No.1, Sanur",0813-3795-0505,UP2521B-BKOG.jpg,static/image/UP2521B-BKOG.jpg
UC3125PQB Visio Tri-Ex Adult Combo,Snorkel,1030000,Saranabahari,"Jalan Sekar Waru No.1, Sanur",0813-3795-0505,UC3125PQB-FY.jpg,static/image/UC3125PQB-FY.jpg
UC1625PQB Serene Adult Combo,Snorkel,941000,Saranabahari,"Jalan Sekar Waru No.1, Sanur",0813-3795-0505,imagefly-6.jpg,static/image/imagefly-6.jpg
UC2112P Panthes,Snorkel,693000,Saranabahari,"Jalan Sekar Waru No.1, Sanur",0813-3795-0505,UC-2112-510x510.jpg,static/image/UC-2112-510x510.jpg
UC0110 KLEIO ADULT COMBO,Snorkel,644000,Saranabahari,"Jalan Sekar Waru No.1, Sanur",0813-3795-0505,imagefly-11.jpg,static/image/imagefly-11.jpg
UC0106 X-PLORE ADULT COMBO,Snorkel,644000,Saranabahari,"Jalan Sekar Waru No.1, Sanur",0813-3795-0505,imagefly-7.jpg,static/image/imagefly-7.jpg
UC2425P Powerview Adult Dry Combo,Snorkel,990000,Saranabahari,"Jalan Sekar Waru No.1, Sanur",0813-3795-0505,UC2425-BP.jpg,static/image/UC2425-BP.jpg
UC2425PMQB Powerview Adult Dry Combo Mirror,Snorkel,1310000,Saranabahari,"Jalan Sekar Waru No.1, Sanur",0813-3795-0505,UC2425PMQB-FBB.jpg,static/image/UC2425PMQB-FBB.jpg
UC1625MQB Serene Adult Combo Mirror,Snorkel,1310000,Saranabahari,"Jalan Sekar Waru No.1, Sanur",0813-3795-0505,UC1625MQB-MQB-FBB.jpg,static/image/UC1625MQB-MQB-FBB.jpg
UC7519P Splendive Combo,Snorkel,974000,Saranabahari,"Jalan Sekar Waru No.1, Sanur",0813-3795-0505,UC-7519-BKBK.jpg,static/image/UC-7519-BKBK.jpg
UC5019P Liberator Combo,Snorkel,891000,Saranabahari,"Jalan Sekar Waru No.1, Sanur",0813-3795-0505,UC5019P-BKBK.jpg,static/image/UC5019P-BKBK.jpg
UC3325P Imprex 3-D Dry Combo,Snorkel,1060000,Saranabahari,"Jalan Sekar Waru No.1, Sanur",0813-3795-0505,UC-3325-BKBK.jpg,static/image/UC-3325-BKBK.jpg
UC0211P KLEIO MINI FIT COMBO - Clear Blue (CB),Snorkel,858000,Saranabahari,"Jalan Sekar Waru No.1, Sanur",0813-3795-0505,UC0211P-CB.jpg,static/image/UC0211P-CB.jpg
UC2022P Mini-Kleio Dry Combo,Snorkel,957000,Saranabahari,"Jalan Sekar Waru No.1, Sanur",0813-3795-0505,UC2022P-BKBK.jpg,static/image/UC2022P-BKBK.jpg
BEUCHAT Snorkel Spy,Snorkel,698000,Scuba Gear Indonesia,"Jl.Bypass Ngurah Rai No.664, Pedungan, South Denpasar, Bali (2nd Floor).",0813-5333-3387,WhatsApp-Image-2024-06-20-at-13.12.19_d20ce999.jpg,static/image/WhatsApp-Image-2024-06-20-at-13.12.19_d20ce999.jpg
BEUCHAT Snorkel Aktiva Tubair,Snorkel,598000,Scuba Gear Indonesia,"Jl.Bypass Ngurah Rai No.664, Pedungan, South Denpasar, Bali (2nd Floor).",0813-5333-3387,TL-0001-Wide.jpg,static/image/TL-0001-Wide.jpg
TUSA Fin Liberator X-Ten,Fin,908000,Scuba Gear Indonesia,"Jl.Bypass Ngurah Rai No.664, Pedungan, South Denpasar, Bali (2nd Floor).",0813-5333-3387,imagefly-9.jpg,static/image/imagefly-9.jpg
TL-0001 Dive Light Wide,Others,1590000,Saranabahari,"Jalan Sekar Waru No.1, Sanur",0813-3795-0505,TL-0001-Wide_others.jpg,static/image/TL-0001-Wide_others.jpg
TC-752 Knife Attachment,Others,330000,Saranabahari,"Jalan Sekar Waru No.1, Sanur",0813-3795-0505,TC-752-MAIN.jpg,static/image/TC-752-MAIN.jpg
SV-4500-Y Adult Vest,Others,908000,Saranabahari,"Jalan Sekar Waru No.1, Sanur",0813-3795-0505,SV-4500-ADULT-VEST (1).jpg,static/image/SV-4500-ADULT-VEST (1).jpg
SV-2500 Youth Vest,Others,908000,Saranabahari,"Jalan Sekar Waru No.1, Sanur",0813-3795-0505,SV-2500-YOUTH-VEST.jpg,static/image/SV-2500-YOUTH-VEST.jpg
FK-940 Knife X-Pert II Titanium,Others,1800000,Saranabahari,"Jalan Sekar Waru No.1, Sanur",0813-3795-0505,FK-940TI-MDR.jpg,static/image/FK-940TI-MDR.jpg
FK-920 Knife X-Pert II,Others,1240000,Saranabahari,"Jalan Sekar Waru No.1, Sanur",0813-3795-0505,FK-920-MAIN.jpg,static/image/FK-920-MAIN.jpg
FK-910 Knife X-Pert II,Others,1240000,Saranabahari,"Jalan Sekar Waru No.1, Sanur",0813-3795-0505,FK-910-MAIN.jpg,static/image/FK-910-MAIN.jpg
FK-210 Knife Imprex,Others,942000,Saranabahari,"Jalan Sekar Waru No.1, Sanur",0813-3795-0505,FK-210-CBL-Main.jpg,static/image/FK-210-CBL-Main.jpg
FK-11 Knife Imprex Mini,Others,908000,Saranabahari,"Jalan Sekar Waru No.1, Sanur",0813-3795-0505,FK-11-MAIN.jpg,static/image/FK-11-MAIN.jpg
FK-10 Knife Imprex Mini,Others,908000,Saranabahari,"Jalan Sekar Waru No.1, Sanur",0813-3795-0505,FK-10-BK.jpg,static/image/FK-10-BK.jpg